<?xml version="1.0" encoding="UTF-8"?>
<!DOCTYPE mapper PUBLIC "-//mybatis.org//DTD Mapper 3.0//EN" "http://mybatis.org/dtd/mybatis-3-mapper.dtd">
<mapper namespace="cn.edu.xmu.restfuldemo.mapper.OrdersMapper">
    <sql id="Orders_Column_List">
        id,
        goods_spu_id,
        sku_sn,
        name,
        original_price,
        configuration,
        weight,
        image_url,
        inventory,
        detail,
        disabled,
        gmt_create,
        gmt_modified,
        state,
    </sql>


    <select id="findOrders" parameterType="OrdersPo" resultType="OrdersPo">
        SELECT *
        FROM orders
        WHERE
        id = #{id}

    </select>

    <select id="findOrderItem" parameterType="OrderItemPo" resultType="OrderItemPo">
        SELECT *
        FROM order_item
        WHERE
        order_id = #{orderId}
    </select>

    <insert id="createOrders" parameterType="OrdersPo" keyProperty="id" useGeneratedKeys="true">
        INSERT INTO orders
        (consignee,region_id,address,mobile,message,coupon_id,presale_id,groupon_id)
        VALUES(#{consignee},#{regionId},#{address},#{mobile}, #{message},#{couponId},#{presaleId},#{grouponId})
    </insert>

    <insert id="createOrderItem" parameterType="OrderItemPo" keyProperty="id" useGeneratedKeys="true">
        INSERT INTO order_item
        (goods_sku_id,quantity,coupon_activity_id)
        VALUES(#{goodsSkuId},#{quantity},#{couponActivityId})
    </insert>


<!--    <select id="findOrderBySql" parameterType="OrdersPo" resultType="OrdersPo">-->
<!--        SELECT o.*,oi.*-->
<!--        FROM orders o,order_item oi-->
<!--        WHERE-->
<!--            o.id = #{id} and oi.order_id=o.id-->

<!--    </select>-->

    <!--  OneToMany对象关联查询
    resultMap可用于说明一对多或者多对一的映射逻辑
    id 是resultMap属性引用的标志
    type 指向One的实体(Goods)
-->
    <resultMap id="ordersPoSql" type="OrdersPo">
        <!--    映射goods对象的主键到goods_id字段-->
        <id column="orderId" property="id"/>
        <!--
            collection的含义是，在
            sql语句得到结果后，对所有Goods对象遍历得到goods_id字段值，
            并代入到goodsDetail命名空间的selectByGoodsId的sql中执行查询
            将得到的“商品详情”集合赋值给goodsDetailsList对象
        -->
        <collection property="orderItems" select="selectByOrdersId"
                    column="id"/>
    </resultMap>
    <select id="findOrderBySql" resultMap="ordersPoSql">
        select * from orders
        WHERE
            id = #{id}
    </select>

    <select id="selectByOrdersId" parameterType="Integer"
            resultType="OrderItem">
        select * from order_item where order_id = #{orderId}
    </select>




</mapper>

